season,week,team_id,opponent_id,points_for,points_against,result,is_divisional,hot_score,boom_bust_index
2025,1,YMOM,TEAMG,104.62,124.92,L,,,
2025,1,TEAMG,YMOM,124.92,104.62,W,,,
2025,1,NBFAH,XENO,120.62,66.88,W,,,
2025,1,XENO,NBFAH,66.88,120.62,L,,,
2025,1,KORN,OJP,115.18,88.62,W,,,
2025,1,OJP,KORN,88.62,115.18,L,,,
2025,1,XBG,OGM,63.14,89.96,L,,,
2025,1,OGM,XBG,89.96,63.14,W,,,
2025,1,PICK,LIMP,97.18,98.52,L,,,
2025,1,LIMP,PICK,98.52,97.18,W,,,
2025,1,NOEF,RCOL,121.68,140.96,L,,,
2025,1,RCOL,NOEF,140.96,121.68,W,,,
2025,2,NOEF,YMOM,110.04,119.94,L,,,
2025,2,YMOM,NOEF,119.94,110.04,W,,,
2025,2,XENO,XBG,123.9,100.42,W,,,
2025,2,XBG,XENO,100.42,123.9,L,,,
2025,2,TEAMG,RCOL,140.88,101.92,W,,,
2025,2,RCOL,TEAMG,101.92,140.88,L,,,
2025,2,OJP,PICK,142.2,139.2,W,,,
2025,2,PICK,OJP,139.2,142.2,L,,,
2025,2,OGM,NBFAH,88.5,128.6,L,,,
2025,2,NBFAH,OGM,128.6,88.5,W,,,
2025,2,LIMP,KORN,63.54,137.7,L,,,
2025,2,KORN,LIMP,137.7,63.54,W,,,
2025,3,RCOL,YMOM,105.72,96.88,W,,,
2025,3,YMOM,RCOL,96.88,105.72,L,,,
2025,3,NBFAH,XBG,98.46,83.62,W,,,
2025,3,XBG,NBFAH,83.62,98.46,L,,,
2025,3,TEAMG,NOEF,105.46,136.24,L,,,
2025,3,NOEF,TEAMG,136.24,105.46,W,,,
2025,3,KORN,PICK,89.32,102.92,L,,,
2025,3,PICK,KORN,102.92,89.32,W,,,
2025,3,OGM,XENO,150.62,120.92,W,,,
2025,3,XENO,OGM,120.92,150.62,L,,,
2025,3,LIMP,OJP,107.0,127.82,L,,,
2025,3,OJP,LIMP,127.82,107.0,W,,,
2025,4,YMOM,XENO,120.22,126.28,L,,,
2025,4,XENO,YMOM,126.28,120.22,W,,,
2025,4,TEAMG,KORN,154.9,128.72,W,,,
2025,4,KORN,TEAMG,128.72,154.9,L,,,
2025,4,RCOL,LIMP,138.56,128.64,W,,,
2025,4,LIMP,RCOL,128.64,138.56,L,,,
2025,4,OGM,OJP,83.08,122.58,L,,,
2025,4,OJP,OGM,122.58,83.08,W,,,
2025,4,XBG,PICK,137.84,134.38,W,,,
2025,4,PICK,XBG,134.38,137.84,L,,,
2025,4,NOEF,NBFAH,120.6,135.5,L,,,
2025,4,NBFAH,NOEF,135.5,120.6,W,,,
2025,5,YMOM,NBFAH,102.02,110.7,L,,,
2025,5,NBFAH,YMOM,110.7,102.02,W,,,
2025,5,TEAMG,PICK,167.82,112.04,W,,,
2025,5,PICK,TEAMG,112.04,167.82,L,,,
2025,5,NOEF,OGM,112.3,114.52,L,,,
2025,5,OGM,NOEF,114.52,112.3,W,,,
2025,5,RCOL,KORN,92.82,127.22,L,,,
2025,5,KORN,RCOL,127.22,92.82,W,,,
2025,5,XENO,LIMP,101.86,143.82,L,,,
2025,5,LIMP,XENO,143.82,101.86,W,,,
2025,5,XBG,OJP,108.88,89.64,W,,,
2025,5,OJP,XBG,89.64,108.88,L,,,
2025,6,YMOM,XBG,98.72,98.56,W,,,
2025,6,XBG,YMOM,98.56,98.72,L,,,
2025,6,TEAMG,LIMP,154.28,118.84,W,,,
2025,6,LIMP,TEAMG,118.84,154.28,L,,,
2025,6,NOEF,PICK,114.62,104.1,W,,,
2025,6,PICK,NOEF,104.1,114.62,L,,,
2025,6,RCOL,XENO,120.5,69.84,W,,,
2025,6,XENO,RCOL,69.84,120.5,L,,,
2025,6,NBFAH,OJP,78.48,120.94,L,,,
2025,6,OJP,NBFAH,120.94,78.48,W,,,
2025,6,OGM,KORN,146.68,122.34,W,,,
2025,6,KORN,OGM,122.34,146.68,L,,,
2025,7,YMOM,OGM,94.74,70.46,W,,,
2025,7,OGM,YMOM,70.46,94.74,L,,,
2025,7,TEAMG,XBG,156.24,156.56,L,,,
2025,7,XBG,TEAMG,156.56,156.24,W,,,
2025,7,NOEF,LIMP,97.14,128.48,L,,,
2025,7,LIMP,NOEF,128.48,97.14,W,,,
2025,7,RCOL,PICK,131.72,143.12,L,,,
2025,7,PICK,RCOL,143.12,131.72,W,,,
2025,7,XENO,OJP,132.82,95.14,W,,,
2025,7,OJP,XENO,95.14,132.82,L,,,
2025,7,NBFAH,KORN,115.26,110.28,W,,,
2025,7,KORN,NBFAH,110.28,115.26,L,,,
2025,8,YMOM,LIMP,126.82,138.18,L,,,
2025,8,LIMP,YMOM,138.18,126.82,W,,,
2025,8,TEAMG,OGM,157.86,113.56,W,,,
2025,8,OGM,TEAMG,113.56,157.86,L,,,
2025,8,NOEF,XENO,136.56,78.58,W,,,
2025,8,XENO,NOEF,78.58,136.56,L,,,
2025,8,RCOL,OJP,103.62,114.82,L,,,
2025,8,OJP,RCOL,114.82,103.62,W,,,
2025,8,NBFAH,PICK,104.02,102.16,W,,,
2025,8,PICK,NBFAH,102.16,104.02,L,,,
2025,8,XBG,KORN,99.78,119.78,L,,,
2025,8,KORN,XBG,119.78,99.78,W,,,
2025,9,YMOM,PICK,117.9,153.38,L,,,
2025,9,PICK,YMOM,153.38,117.9,W,,,
2025,9,TEAMG,NBFAH,92.0,90.56,W,,,
2025,9,NBFAH,TEAMG,90.56,92.0,L,,,
2025,9,NOEF,OJP,106.6,125.4,L,,,
2025,9,OJP,NOEF,125.4,106.6,W,,,
2025,9,RCOL,XBG,110.62,111.32,L,,,
2025,9,XBG,RCOL,111.32,110.62,W,,,
2025,9,XENO,KORN,81.72,127.26,L,,,
2025,9,KORN,XENO,127.26,81.72,W,,,
2025,9,OGM,LIMP,124.56,127.24,L,,,
2025,9,LIMP,OGM,127.24,124.56,W,,,
2025,10,YMOM,KORN,137.9,109.4,W,,,
2025,10,KORN,YMOM,109.4,137.9,L,,,
2025,10,TEAMG,OJP,133.1,133.5,L,,,
2025,10,OJP,TEAMG,133.5,133.1,W,,,
2025,10,NOEF,XBG,128.12,108.1,W,,,
2025,10,XBG,NOEF,108.1,128.12,L,,,
2025,10,RCOL,OGM,99.54,125.64,L,,,
2025,10,OGM,RCOL,125.64,99.54,W,,,
2025,10,XENO,PICK,119.82,101.36,W,,,
2025,10,PICK,XENO,101.36,119.82,L,,,
2025,10,NBFAH,LIMP,109.08,157.3,L,,,
2025,10,LIMP,NBFAH,157.3,109.08,W,,,
2025,11,YMOM,OJP,113.86,99.42,W,,,
2025,11,OJP,YMOM,99.42,113.86,L,,,
2025,11,TEAMG,XENO,119.04,113.72,W,,,
2025,11,XENO,TEAMG,113.72,119.04,L,,,
2025,11,NOEF,KORN,102.0,98.64,W,,,
2025,11,KORN,NOEF,98.64,102.0,L,,,
2025,11,RCOL,NBFAH,121.68,104.58,W,,,
2025,11,NBFAH,RCOL,104.58,121.68,L,,,
2025,11,XBG,LIMP,94.3,121.0,L,,,
2025,11,LIMP,XBG,121.0,94.3,W,,,
2025,11,OGM,PICK,92.12,142.14,L,,,
2025,11,PICK,OGM,142.14,92.12,W,,,
2025,12,YMOM,RCOL,120.46,98.52,W,,,
2025,12,RCOL,YMOM,98.52,120.46,L,,,
2025,12,TEAMG,NOEF,112.88,139.46,L,,,
2025,12,NOEF,TEAMG,139.46,112.88,W,,,
2025,12,XENO,OGM,163.96,95.72,W,,,
2025,12,OGM,XENO,95.72,163.96,L,,,
2025,12,NBFAH,XBG,63.88,67.62,L,,,
2025,12,XBG,NBFAH,67.62,63.88,W,,,
2025,12,LIMP,OJP,134.92,121.56,W,,,
2025,12,OJP,LIMP,121.56,134.92,L,,,
2025,12,PICK,KORN,144.22,127.96,W,,,
2025,12,KORN,PICK,127.96,144.22,L,,,
2025,13,LIMP,KORN,132.02,100.88,W,,,
2025,13,KORN,LIMP,100.88,132.02,L,,,
2025,13,YMOM,NOEF,100.96,94.3,W,,,
2025,13,NOEF,YMOM,94.3,100.96,L,,,
2025,13,TEAMG,RCOL,102.74,121.32,L,,,
2025,13,RCOL,TEAMG,121.32,102.74,W,,,
2025,13,XENO,XBG,116.66,134.14,L,,,
2025,13,XBG,XENO,134.14,116.66,W,,,
2025,13,NBFAH,OGM,95.16,94.74,W,,,
2025,13,OGM,NBFAH,94.74,95.16,L,,,
2025,13,PICK,OJP,106.92,109.0,L,,,
2025,13,OJP,PICK,109.0,106.92,W,,,
